{
    "acoustic_cello": {
        "name": "Acoustic Cello",
        "audio_settings": {
            "sr": 44100,
            "duration": 8.0
        },
        "adsr": {
            "attack_time": 1.0,
            "decay_time": 0.6,
            "sustain_level": 0.7,
            "release_time": 0.5
        },
        "vibrato": {
            "frequency": 4.0,
            "magnitude": 0.11,
            "attack_time": 2.0
        },
        "amplitude_modulation": {
            "frequency": 5.0,
            "depth": 0.065
        },
        "frequencies": [
            139.9658203125,
            279.931640625,
            419.8974609375,
            559.86328125,
            689.0625,
            829.0283203125,
            968.994140625,
            1108.9599609375,
            1248.92578125,
            1388.8916015625,
            1528.857421875,
            1668.8232421875,
            1808.7890625,
            1937.98828125,
            2077.9541015625,
            2217.919921875,
            2357.8857421875,
            2497.8515625,
            2637.8173828125,
            2767.0166015625,
            2906.982421875,
            3057.71484375,
            3186.9140625,
            3477.6123046875
        ],
        "magnitudes": [
            0.3412131961207299,
            0.5,
            0.06079130082262655,
            0.23913684085798534,
            0.09469446256348672,
            0.054186029508880885,
            0.04867316552164727,
            0.025455807407981212,
            0.0323775290115601,
            0.02171242712244243,
            0.01537743335292493,
            0.017776290286417633,
            0.01748247349728831,
            0.017262961650556165,
            0.01447555369231934,
            0.009496601083007738,
            0.0325901797011359,
            0.018013863933625612,
            0.013966735683374946,
            0.015504695631595863,
            0.013898592031450044,
            0.01192855769265616,
            0.009018075330370492,
            0.004209996292168246
        ]
    },
    "acoustic_cello1": {
        "name": "Acoustic Cello1",
        "audio_settings": {
            "sr": 44100,
            "duration": 8.0
        },
        "adsr": {
            "attack_time": 1.0,
            "decay_time": 0.6,
            "sustain_level": 0.7,
            "release_time": 0.5
        },
        "vibrato": {
            "frequency": 4.0,
            "magnitude": 0.11,
            "attack_time": 2.0
        },
        "amplitude_modulation": {
            "frequency": 5.0,
            "depth": 0.065
        },
        "frequencies": [
            139.9658203125,
            279.931640625,
            419.8974609375,
            559.86328125,
            689.0625,
            829.0283203125,
            968.994140625,
            1108.9599609375,
            1248.92578125,
            1388.8916015625,
            1528.857421875,
            1668.8232421875,
            1808.7890625,
            1937.98828125,
            2077.9541015625,
            2217.919921875,
            2357.8857421875,
            2497.8515625,
            2637.8173828125,
            2767.0166015625,
            2906.982421875,
            3057.71484375,
            3186.9140625,
            3477.6123046875
        ],
        "magnitudes": [
            0.3295861604409825,
            0.5,
            0.061176118099688266,
            0.2510655249134329,
            0.09694432388266994,
            0.05503976658244024,
            0.050851816023796445,
            0.02683795566775116,
            0.03309250796941676,
            0.0223381878352898,
            0.016130775492672,
            0.01863577476098827,
            0.018136388527080712,
            0.01778143026168925,
            0.014859381916927678,
            0.009741430278177641,
            0.03490651781849608,
            0.017959728132164638,
            0.014379932399154072,
            0.01594513294298209,
            0.013853066924880596,
            0.01201987005064097,
            0.009071835495332876,
            0.004206776475975335
        ]
    },
    "bass_clarinet": {
        "name": "Bass Clarinet",
        "audio_settings": {
            "sr": 44100,
            "duration": 23.0
        },
        "adsr": {
            "attack_time": 0.01,
            "decay_time": 0.4,
            "sustain_level": 0.8,
            "release_time": 0.15,
            "attack_per_partial": 0.003
        },
        "vibrato": {
            "frequency": 4.0,
            "magnitude": 0.5,
            "attack_time": 2.0
        },
        "amplitude_modulation": {
            "frequency": 5.0,
            "depth": 0.065
        },
        "frequencies": [
            139.9658203125,
            279.931640625,
            409.130859375,
            549.0966796875,
            689.0625,
            829.0283203125,
            968.994140625,
            1098.193359375,
            1238.1591796875,
            1378.125,
            1518.0908203125,
            1647.2900390625,
            1787.255859375,
            1927.2216796875,
            2067.1875,
            2207.1533203125,
            2336.3525390625,
            2476.318359375,
            2616.2841796875,
            2756.25,
            2896.2158203125,
            3025.4150390625,
            3165.380859375,
            3305.3466796875
        ],
        "magnitudes": [
            0.40147699671300263,
            0.0050331756157395305,
            0.4266047772629632,
            0.007339993088005045,
            0.5,
            0.017035619053454083,
            0.15325593010212293,
            0.0600935865001073,
            0.10632894407884594,
            0.007867215866065848,
            0.047836662092871844,
            0.01599699769032865,
            0.06508691259153775,
            0.032352933443243484,
            0.0611122651488356,
            0.04130947863495521,
            0.01942158422576711,
            0.09364965669249768,
            0.030066866129570966,
            0.06996760818515856,
            0.021768782727857133,
            0.028872811541061284,
            0.010370322297079003,
            0.012632417512054982
        ]
    },
    "trumpet": {
        "name": "Trumpet",
        "audio_settings": {
            "sr": 44100,
            "duration": 8.0
        },
        "adsr": {
            "attack_time": 0.01,
            "decay_time": 0.4,
            "sustain_level": 0.8,
            "release_time": 0.15,
            "attack_per_partial": 0.002
        },
        "vibrato": {
            "frequency": 4.0,
            "magnitude": 0.5,
            "attack_time": 2.0
        },
        "amplitude_modulation": {
            "frequency": 5.0,
            "depth": 0.065
        },
        "frequencies": [
            279.931640625,
            366.064453125,
            559.86328125,
            839.794921875,
            990.52734375,
            1119.7265625,
            1195.0927734375,
            1291.9921875,
            1399.658203125,
            1582.6904296875,
            1679.58984375,
            1862.6220703125,
            1959.521484375,
            2250.2197265625,
            2519.384765625,
            2799.31640625,
            3090.0146484375,
            3369.9462890625,
            3639.111328125,
            3919.04296875,
            4209.7412109375,
            4489.6728515625,
            4769.6044921875,
            5049.5361328125,
            5318.701171875,
            5609.3994140625,
            5889.3310546875
        ],