{
    "acoustic_cello": {
        "name": "Acoustic Cello",
        "audio_settings": {
            "sr": 44100,
            "duration": 8.0
        },
        "adsr": {
            "attack_time": 1.0,
            "decay_time": 0.6,
            "sustain_level": 0.7,
            "release_time": 0.5
        },
        "vibrato": {
            "frequency": 4.0,
            "magnitude": 3.0,
            "attack_time": 0.2
        },
        "amplitude_modulation": {
            "frequency": 5.0,
            "depth": 0.065
        },
        "frequencies": [
            139.9658203125,
            279.931640625,
            419.8974609375,
            559.86328125,
            689.0625,
            829.0283203125,
            968.994140625,
            1108.9599609375,
            1248.92578125,
            1388.8916015625,
            1528.857421875,
            1668.8232421875,
            1808.7890625,
            1937.98828125,
            2077.9541015625,
            2217.919921875,
            2357.8857421875,
            2497.8515625,
            2637.8173828125,
            2767.0166015625,
            2906.982421875,
            3057.71484375,
            3186.9140625,
            3477.6123046875
        ],
        "magnitudes": [
            0.3412131961207299,
            0.5,
            0.06079130082262655,
            0.23913684085798534,
            0.09469446256348672,
            0.054186029508880885,
            0.04867316552164727,
            0.025455807407981212,
            0.0323775290115601,
            0.02171242712244243,
            0.01537743335292493,
            0.017776290286417633,
            0.01748247349728831,
            0.017262961650556165,
            0.01447555369231934,
            0.009496601083007738,
            0.0325901797011359,
            0.018013863933625612,
            0.013966735683374946,
            0.015504695631595863,
            0.013898592031450044,
            0.01192855769265616,
            0.009018075330370492,
            0.004209996292168246
        ]
    },
    "acoustic_cello1": {
        "name": "Acoustic Cello1",
        "audio_settings": {
            "sr": 44100,
            "duration": 8.0
        },
        "adsr": {
            "attack_time": 1.0,
            "decay_time": 0.6,
            "sustain_level": 0.7,
            "release_time": 0.5
        },
        "vibrato": {
            "frequency": 4.0,
            "magnitude": 0.11,
            "attack_time": 2.0
        },
        "amplitude_modulation": {
            "frequency": 5.0,
            "depth": 0.065
        },
        "frequencies": [
            139.9658203125,
            279.931640625,
            419.8974609375,
            559.86328125,
            689.0625,
            829.0283203125,
            968.994140625,
            1108.9599609375,
            1248.92578125,
            1388.8916015625,
            1528.857421875,
            1668.8232421875,
            1808.7890625,
            1937.98828125,
            2077.9541015625,
            2217.919921875,
            2357.8857421875,
            2497.8515625,
            2637.8173828125,
            2767.0166015625,
            2906.982421875,
            3057.71484375,
            3186.9140625,
            3477.6123046875
        ],
        "magnitudes": [
            0.3295861604409825,
            0.5,
            0.061176118099688266,
            0.2510655249134329,
            0.09694432388266994,
            0.05503976658244024,
            0.050851816023796445,
            0.02683795566775116,
            0.03309250796941676,
            0.0223381878352898,
            0.016130775492672,
            0.01863577476098827,
            0.018136388527080712,
            0.01778143026168925,
            0.014859381916927678,
            0.009741430278177641,
            0.03490651781849608,
            0.017959728132164638,
            0.014379932399154072,
            0.01594513294298209,
            0.013853066924880596,
            0.01201987005064097,
            0.009071835495332876,
            0.004206776475975335
        ]
    },
    "bass_clarinet": {
        "name": "Bass Clarinet",
        "audio_settings": {
            "sr": 44100,
            "duration": 5.0
        },
        "adsr": {
            "attack_time": 0.1,
            "decay_time": 0.6,
            "sustain_level": 0.8,
            "release_time": 0.3
        },
        "vibrato": {
            "frequency": 4.0,
            "magnitude": 0.03,
            "attack_time": 2.0
        },
        "amplitude_modulation": {
            "frequency": 5.0,
            "depth": 0.065
        },
        "frequencies": [
            139.9658203125,
            279.931640625,
            409.130859375,
            549.0966796875,
            689.0625,
            829.0283203125,
            968.994140625,
            1098.193359375,
            1238.1591796875,
            1378.125,
            1518.0908203125,
            1647.2900390625,
            1787.255859375,
            1927.2216796875,
            2067.1875,
            2207.1533203125,
            2336.3525390625,
            2476.318359375,
            2616.2841796875,
            2756.25,
            2896.2158203125,
            3025.4150390625,
            3165.380859375,
            3305.3466796875
        ],
        "magnitudes": [
            0.3819345893542664,
            0.005233314839501734,
            0.4391523967650095,
            0.007637529291292187,
            0.5,
            0.016559634860137888,
            0.1507247114403267,
            0.05684538513672604,
            0.0994480580599796,
            0.008410648627080996,
            0.0511419324930275,
            0.015716757462087987,
            0.0683297364121372,
            0.032539278277186834,
            0.05877707736159955,
            0.04298917133232183,
            0.019799328443198625,
            0.08939565945978517,
            0.03157573987941708,
            0.07290411020799123,
            0.02085935976567175,
            0.027854200751348503,
            0.00984326157034323,
            0.012760668504278122
        ]
    }
}